c_A,SDratio_1p8_Ld4p8,MDraw_1p8_Ld4p8,MDzero_1p8_Ld4p8,SDratio_1p8_Ld7p4,MDraw_1p8_Ld7p4,MDzero_1p8_Ld7p4,SDratio_2p2_Ld4p1,MDraw_2p2_Ld4p1,MDzero_2p2_Ld4p1,SDratio_2p2_Ld5p6,MDraw_2p2_Ld5p6,MDzero_2p2_Ld5p6,SDratio_2p2_Ld7p8,MDraw_2p2_Ld7p8,MDzero_2p2_Ld7p8,SDratio_2p9_Ld4p9,MDraw_2p9_Ld4p9,MDzero_2p9_Ld4p9,SDratio_2p9_Ld6p6,MDraw_2p9_Ld6p6,MDzero_2p9_Ld6p6,vline_y,vline_cFW_1p8,vline_cFW_2p2,vline_cFW_2p9
0,1,0.982911,1.07801,1,1.00896,1.04881,1,0.964166,1.07687,1,0.994398,1.05584,1,1.00754,1.03885,1,1.02103,1.08433,1,1.03558,1.07026,0.99,6.03473,5.98521,6.42728
0.1,1.00104,0.982911,1.07801,1.00067,1.00896,1.04881,1.00103,0.964166,1.07687,1.00076,0.994398,1.05584,1.00054,1.00754,1.03885,1.00066,1.02103,1.08433,1.00049,1.03558,1.07026,1.1,6.03473,5.98521,6.42728
0.2,1.00209,0.982911,1.07801,1.00135,1.00896,1.04881,1.00207,0.964166,1.07687,1.00152,0.994398,1.05584,1.00108,1.00754,1.03885,1.00133,1.02103,1.08433,1.00098,1.03558,1.07026,,,,
0.3,1.00314,0.982911,1.07801,1.00203,1.00896,1.04881,1.00311,0.964166,1.07687,1.00228,0.994398,1.05584,1.00163,1.00754,1.03885,1.00199,1.02103,1.08433,1.00147,1.03558,1.07026,,,,
0.4,1.0042,0.982911,1.07801,1.00271,1.00896,1.04881,1.00416,0.964166,1.07687,1.00305,0.994398,1.05584,1.00217,1.00754,1.03885,1.00266,1.02103,1.08433,1.00197,1.03558,1.07026,,,,
0.5,1.00526,0.982911,1.07801,1.00339,1.00896,1.04881,1.00522,0.964166,1.07687,1.00382,0.994398,1.05584,1.00272,1.00754,1.03885,1.00334,1.02103,1.08433,1.00246,1.03558,1.07026,,,,
0.6,1.00634,0.982911,1.07801,1.00408,1.00896,1.04881,1.00628,0.964166,1.07687,1.00459,0.994398,1.05584,1.00327,1.00754,1.03885,1.00401,1.02103,1.08433,1.00296,1.03558,1.07026,,,,
0.7,1.00742,0.982911,1.07801,1.00477,1.00896,1.04881,1.00735,0.964166,1.07687,1.00537,0.994398,1.05584,1.00382,1.00754,1.03885,1.00469,1.02103,1.08433,1.00346,1.03558,1.07026,,,,
0.8,1.00851,0.982911,1.07801,1.00546,1.00896,1.04881,1.00843,0.964166,1.07687,1.00615,0.994398,1.05584,1.00438,1.00754,1.03885,1.00537,1.02103,1.08433,1.00396,1.03558,1.07026,,,,
0.9,1.0096,0.982911,1.07801,1.00616,1.00896,1.04881,1.00952,0.964166,1.07687,1.00694,0.994398,1.05584,1.00493,1.00754,1.03885,1.00605,1.02103,1.08433,1.00446,1.03558,1.07026,,,,
1,1.0107,0.982911,1.07801,1.00686,1.00896,1.04881,1.01061,0.964166,1.07687,1.00773,0.994398,1.05584,1.00549,1.00754,1.03885,1.00674,1.02103,1.08433,1.00496,1.03558,1.07026,,,,
1.1,1.01181,0.982911,1.07801,1.00756,1.00896,1.04881,1.01171,0.964166,1.07687,1.00852,0.994398,1.05584,1.00605,1.00754,1.03885,1.00743,1.02103,1.08433,1.00547,1.03558,1.07026,,,,
1.2,1.01292,0.982911,1.07801,1.00826,1.00896,1.04881,1.01281,0.964166,1.07687,1.00932,0.994398,1.05584,1.00661,1.00754,1.03885,1.00812,1.02103,1.08433,1.00598,1.03558,1.07026,,,,
1.3,1.01405,0.982911,1.07801,1.00897,1.00896,1.04881,1.01392,0.964166,1.07687,1.01012,0.994398,1.05584,1.00717,1.00754,1.03885,1.00882,1.02103,1.08433,1.00648,1.03558,1.07026,,,,
1.4,1.01517,0.982911,1.07801,1.00968,1.00896,1.04881,1.01504,0.964166,1.07687,1.01092,0.994398,1.05584,1.00774,1.00754,1.03885,1.00952,1.02103,1.08433,1.00699,1.03558,1.07026,,,,
1.5,1.01631,0.982911,1.07801,1.01039,1.00896,1.04881,1.01617,0.964166,1.07687,1.01173,0.994398,1.05584,1.00831,1.00754,1.03885,1.01022,1.02103,1.08433,1.0075,1.03558,1.07026,,,,
1.6,1.01745,0.982911,1.07801,1.01111,1.00896,1.04881,1.0173,0.964166,1.07687,1.01254,0.994398,1.05584,1.00888,1.00754,1.03885,1.01092,1.02103,1.08433,1.00802,1.03558,1.07026,,,,
1.7,1.0186,0.982911,1.07801,1.01183,1.00896,1.04881,1.01844,0.964166,1.07687,1.01336,0.994398,1.05584,1.00945,1.00754,1.03885,1.01163,1.02103,1.08433,1.00853,1.03558,1.07026,,,,
1.8,1.01976,0.982911,1.07801,1.01255,1.00896,1.04881,1.01958,0.964166,1.07687,1.01418,0.994398,1.05584,1.01002,1.00754,1.03885,1.01234,1.02103,1.08433,1.00905,1.03558,1.07026,,,,
1.9,1.02092,0.982911,1.07801,1.01328,1.00896,1.04881,1.02073,0.964166,1.07687,1.015,0.994398,1.05584,1.01059,1.00754,1.03885,1.01305,1.02103,1.08433,1.00956,1.03558,1.07026,,,,
2,1.02209,0.982911,1.07801,1.014,1.00896,1.04881,1.02189,0.964166,1.07687,1.01582,0.994398,1.05584,1.01117,1.00754,1.03885,1.01376,1.02103,1.08433,1.01008,1.03558,1.07026,,,,
2.1,1.02327,0.982911,1.07801,1.01473,1.00896,1.04881,1.02306,0.964166,1.07687,1.01665,0.994398,1.05584,1.01175,1.00754,1.03885,1.01448,1.02103,1.08433,1.0106,1.03558,1.07026,,,,
2.2,1.02445,0.982911,1.07801,1.01547,1.00896,1.04881,1.02423,0.964166,1.07687,1.01749,0.994398,1.05584,1.01233,1.00754,1.03885,1.0152,1.02103,1.08433,1.01112,1.03558,1.07026,,,,
2.3,1.02564,0.982911,1.07801,1.0162,1.00896,1.04881,1.02541,0.964166,1.07687,1.01832,0.994398,1.05584,1.01291,1.00754,1.03885,1.01592,1.02103,1.08433,1.01165,1.03558,1.07026,,,,
2.4,1.02684,0.982911,1.07801,1.01694,1.00896,1.04881,1.02659,0.964166,1.07687,1.01916,0.994398,1.05584,1.01349,1.00754,1.03885,1.01665,1.02103,1.08433,1.01217,1.03558,1.07026,,,,
2.5,1.02804,0.982911,1.07801,1.01768,1.00896,1.04881,1.02779,0.964166,1.07687,1.02001,0.994398,1.05584,1.01408,1.00754,1.03885,1.01738,1.02103,1.08433,1.0127,1.03558,1.07026,,,,
2.6,1.02925,0.982911,1.07801,1.01843,1.00896,1.04881,1.02899,0.964166,1.07687,1.02086,0.994398,1.05584,1.01467,1.00754,1.03885,1.01811,1.02103,1.08433,1.01323,1.03558,1.07026,,,,
2.7,1.03047,0.982911,1.07801,1.01918,1.00896,1.04881,1.03019,0.964166,1.07687,1.02171,0.994398,1.05584,1.01525,1.00754,1.03885,1.01884,1.02103,1.08433,1.01376,1.03558,1.07026,,,,
2.8,1.03169,0.982911,1.07801,1.01993,1.00896,1.04881,1.0314,0.964166,1.07687,1.02256,0.994398,1.05584,1.01585,1.00754,1.03885,1.01958,1.02103,1.08433,1.01429,1.03558,1.07026,,,,
2.9,1.03292,0.982911,1.07801,1.02068,1.00896,1.04881,1.03262,0.964166,1.07687,1.02342,0.994398,1.05584,1.01644,1.00754,1.03885,1.02032,1.02103,1.08433,1.01482,1.03558,1.07026,,,,
3,1.03416,0.982911,1.07801,1.02144,1.00896,1.04881,1.03385,0.964166,1.07687,1.02428,0.994398,1.05584,1.01703,1.00754,1.03885,1.02106,1.02103,1.08433,1.01535,1.03558,1.07026,,,,
3.1,1.0354,0.982911,1.07801,1.0222,1.00896,1.04881,1.03508,0.964166,1.07687,1.02515,0.994398,1.05584,1.01763,1.00754,1.03885,1.02181,1.02103,1.08433,1.01589,1.03558,1.07026,,,,
3.2,1.03666,0.982911,1.07801,1.02296,1.00896,1.04881,1.03632,0.964166,1.07687,1.02602,0.994398,1.05584,1.01823,1.00754,1.03885,1.02256,1.02103,1.08433,1.01643,1.03558,1.07026,,,,
3.3,1.03791,0.982911,1.07801,1.02372,1.00896,1.04881,1.03756,0.964166,1.07687,1.02689,0.994398,1.05584,1.01883,1.00754,1.03885,1.02331,1.02103,1.08433,1.01697,1.03558,1.07026,,,,
3.4,1.03918,0.982911,1.07801,1.02449,1.00896,1.04881,1.03882,0.964166,1.07687,1.02777,0.994398,1.05584,1.01943,1.00754,1.03885,1.02406,1.02103,1.08433,1.01751,1.03558,1.07026,,,,
3.5,1.04045,0.982911,1.07801,1.02526,1.00896,1.04881,1.04007,0.964166,1.07687,1.02865,0.994398,1.05584,1.02004,1.00754,1.03885,1.02482,1.02103,1.08433,1.01805,1.03558,1.07026,,,,
3.6,1.04173,0.982911,1.07801,1.02604,1.00896,1.04881,1.04134,0.964166,1.07687,1.02953,0.994398,1.05584,1.02064,1.00754,1.03885,1.02558,1.02103,1.08433,1.01859,1.03558,1.07026,,,,
3.7,1.04301,0.982911,1.07801,1.02681,1.00896,1.04881,1.04261,0.964166,1.07687,1.03042,0.994398,1.05584,1.02125,1.00754,1.03885,1.02634,1.02103,1.08433,1.01914,1.03558,1.07026,,,,
3.8,1.0443,0.982911,1.07801,1.02759,1.00896,1.04881,1.04389,0.964166,1.07687,1.03131,0.994398,1.05584,1.02186,1.00754,1.03885,1.0271,1.02103,1.08433,1.01968,1.03558,1.07026,,,,
3.9,1.0456,0.982911,1.07801,1.02837,1.00896,1.04881,1.04517,0.964166,1.07687,1.03221,0.994398,1.05584,1.02247,1.00754,1.03885,1.02787,1.02103,1.08433,1.02023,1.03558,1.07026,,,,
4,1.0469,0.982911,1.07801,1.02916,1.00896,1.04881,1.04647,0.964166,1.07687,1.0331,0.994398,1.05584,1.02308,1.00754,1.03885,1.02864,1.02103,1.08433,1.02078,1.03558,1.07026,,,,
4.1,1.04821,0.982911,1.07801,1.02995,1.00896,1.04881,1.04776,0.964166,1.07687,1.03401,0.994398,1.05584,1.0237,1.00754,1.03885,1.02941,1.02103,1.08433,1.02133,1.03558,1.07026,,,,
4.2,1.04953,0.982911,1.07801,1.03074,1.00896,1.04881,1.04907,0.964166,1.07687,1.03491,0.994398,1.05584,1.02432,1.00754,1.03885,1.03019,1.02103,1.08433,1.02188,1.03558,1.07026,,,,
4.3,1.05086,0.982911,1.07801,1.03153,1.00896,1.04881,1.05038,0.964166,1.07687,1.03582,0.994398,1.05584,1.02494,1.00754,1.03885,1.03097,1.02103,1.08433,1.02244,1.03558,1.07026,,,,
4.4,1.05219,0.982911,1.07801,1.03233,1.00896,1.04881,1.0517,0.964166,1.07687,1.03673,0.994398,1.05584,1.02556,1.00754,1.03885,1.03175,1.02103,1.08433,1.02299,1.03558,1.07026,,,,
4.5,1.05352,0.982911,1.07801,1.03313,1.00896,1.04881,1.05302,0.964166,1.07687,1.03765,0.994398,1.05584,1.02618,1.00754,1.03885,1.03253,1.02103,1.08433,1.02355,1.03558,1.07026,,,,
4.6,1.05487,0.982911,1.07801,1.03393,1.00896,1.04881,1.05435,0.964166,1.07687,1.03857,0.994398,1.05584,1.0268,1.00754,1.03885,1.03332,1.02103,1.08433,1.02411,1.03558,1.07026,,,,
4.7,1.05622,0.982911,1.07801,1.03473,1.00896,1.04881,1.05569,0.964166,1.07687,1.03949,0.994398,1.05584,1.02743,1.00754,1.03885,1.03411,1.02103,1.08433,1.02467,1.03558,1.07026,,,,
4.8,1.05758,0.982911,1.07801,1.03554,1.00896,1.04881,1.05703,0.964166,1.07687,1.04042,0.994398,1.05584,1.02806,1.00754,1.03885,1.0349,1.02103,1.08433,1.02523,1.03558,1.07026,,,,
4.9,1.05894,0.982911,1.07801,1.03635,1.00896,1.04881,1.05838,0.964166,1.07687,1.04135,0.994398,1.05584,1.02869,1.00754,1.03885,1.03569,1.02103,1.08433,1.02579,1.03558,1.07026,,,,
5,1.06031,0.982911,1.07801,1.03716,1.00896,1.04881,1.05973,0.964166,1.07687,1.04228,0.994398,1.05584,1.02932,1.00754,1.03885,1.03649,1.02103,1.08433,1.02635,1.03558,1.07026,,,,
5.1,1.06168,0.982911,1.07801,1.03798,1.00896,1.04881,1.0611,0.964166,1.07687,1.04322,0.994398,1.05584,1.02995,1.00754,1.03885,1.03729,1.02103,1.08433,1.02692,1.03558,1.07026,,,,
5.2,1.06307,0.982911,1.07801,1.0388,1.00896,1.04881,1.06247,0.964166,1.07687,1.04416,0.994398,1.05584,1.03059,1.00754,1.03885,1.0381,1.02103,1.08433,1.02749,1.03558,1.07026,,,,
5.3,1.06446,0.982911,1.07801,1.03962,1.00896,1.04881,1.06384,0.964166,1.07687,1.0451,0.994398,1.05584,1.03123,1.00754,1.03885,1.0389,1.02103,1.08433,1.02806,1.03558,1.07026,,,,
5.4,1.06585,0.982911,1.07801,1.04044,1.00896,1.04881,1.06522,0.964166,1.07687,1.04605,0.994398,1.05584,1.03187,1.00754,1.03885,1.03971,1.02103,1.08433,1.02863,1.03558,1.07026,,,,
5.5,1.06725,0.982911,1.07801,1.04127,1.00896,1.04881,1.06661,0.964166,1.07687,1.047,0.994398,1.05584,1.03251,1.00754,1.03885,1.04052,1.02103,1.08433,1.0292,1.03558,1.07026,,,,
5.6,1.06866,0.982911,1.07801,1.0421,1.00896,1.04881,1.068,0.964166,1.07687,1.04796,0.994398,1.05584,1.03315,1.00754,1.03885,1.04133,1.02103,1.08433,1.02977,1.03558,1.07026,,,,
5.7,1.07008,0.982911,1.07801,1.04293,1.00896,1.04881,1.0694,0.964166,1.07687,1.04892,0.994398,1.05584,1.03379,1.00754,1.03885,1.04215,1.02103,1.08433,1.03035,1.03558,1.07026,,,,
5.8,1.0715,0.982911,1.07801,1.04377,1.00896,1.04881,1.07081,0.964166,1.07687,1.04988,0.994398,1.05584,1.03444,1.00754,1.03885,1.04297,1.02103,1.08433,1.03092,1.03558,1.07026,,,,
5.9,1.07293,0.982911,1.07801,1.04461,1.00896,1.04881,1.07222,0.964166,1.07687,1.05084,0.994398,1.05584,1.03509,1.00754,1.03885,1.04379,1.02103,1.08433,1.0315,1.03558,1.07026,,,,
6,1.07436,0.982911,1.07801,1.04545,1.00896,1.04881,1.07364,0.964166,1.07687,1.05181,0.994398,1.05584,1.03574,1.00754,1.03885,1.04462,1.02103,1.08433,1.03208,1.03558,1.07026,,,,
6.1,1.0758,0.982911,1.07801,1.04629,1.00896,1.04881,1.07506,0.964166,1.07687,1.05279,0.994398,1.05584,1.03639,1.00754,1.03885,1.04544,1.02103,1.08433,1.03266,1.03558,1.07026,,,,
6.2,1.07725,0.982911,1.07801,1.04714,1.00896,1.04881,1.0765,0.964166,1.07687,1.05376,0.994398,1.05584,1.03704,1.00754,1.03885,1.04628,1.02103,1.08433,1.03325,1.03558,1.07026,,,,
6.3,1.0787,0.982911,1.07801,1.04799,1.00896,1.04881,1.07793,0.964166,1.07687,1.05474,0.994398,1.05584,1.0377,1.00754,1.03885,1.04711,1.02103,1.08433,1.03383,1.03558,1.07026,,,,
6.4,1.08016,0.982911,1.07801,1.04884,1.00896,1.04881,1.07938,0.964166,1.07687,1.05572,0.994398,1.05584,1.03836,1.00754,1.03885,1.04794,1.02103,1.08433,1.03442,1.03558,1.07026,,,,
6.5,1.08162,0.982911,1.07801,1.0497,1.00896,1.04881,1.08083,0.964166,1.07687,1.05671,0.994398,1.05584,1.03902,1.00754,1.03885,1.04878,1.02103,1.08433,1.035,1.03558,1.07026,,,,
6.6,1.08309,0.982911,1.07801,1.05055,1.00896,1.04881,1.08228,0.964166,1.07687,1.0577,0.994398,1.05584,1.03968,1.00754,1.03885,1.04962,1.02103,1.08433,1.03559,1.03558,1.07026,,,,
6.7,1.08457,0.982911,1.07801,1.05142,1.00896,1.04881,1.08374,0.964166,1.07687,1.05869,0.994398,1.05584,1.04034,1.00754,1.03885,1.05047,1.02103,1.08433,1.03618,1.03558,1.07026,,,,
6.8,1.08605,0.982911,1.07801,1.05228,1.00896,1.04881,1.08521,0.964166,1.07687,1.05969,0.994398,1.05584,1.04101,1.00754,1.03885,1.05131,1.02103,1.08433,1.03677,1.03558,1.07026,,,,
6.9,1.08754,0.982911,1.07801,1.05314,1.00896,1.04881,1.08668,0.964166,1.07687,1.06069,0.994398,1.05584,1.04167,1.00754,1.03885,1.05216,1.02103,1.08433,1.03737,1.03558,1.07026,,,,
7,1.08904,0.982911,1.07801,1.05401,1.00896,1.04881,1.08816,0.964166,1.07687,1.06169,0.994398,1.05584,1.04234,1.00754,1.03885,1.05301,1.02103,1.08433,1.03796,1.03558,1.07026,,,,
7.1,1.09054,0.982911,1.07801,1.05489,1.00896,1.04881,1.08965,0.964166,1.07687,1.0627,0.994398,1.05584,1.04301,1.00754,1.03885,1.05387,1.02103,1.08433,1.03856,1.03558,1.07026,,,,
7.2,1.09205,0.982911,1.07801,1.05576,1.00896,1.04881,1.09114,0.964166,1.07687,1.06371,0.994398,1.05584,1.04368,1.00754,1.03885,1.05472,1.02103,1.08433,1.03915,1.03558,1.07026,,,,
7.3,1.09356,0.982911,1.07801,1.05664,1.00896,1.04881,1.09264,0.964166,1.07687,1.06473,0.994398,1.05584,1.04436,1.00754,1.03885,1.05558,1.02103,1.08433,1.03975,1.03558,1.07026,,,,
7.4,1.09508,0.982911,1.07801,1.05752,1.00896,1.04881,1.09414,0.964166,1.07687,1.06574,0.994398,1.05584,1.04503,1.00754,1.03885,1.05645,1.02103,1.08433,1.04035,1.03558,1.07026,,,,
7.5,1.09661,0.982911,1.07801,1.0584,1.00896,1.04881,1.09565,0.964166,1.07687,1.06676,0.994398,1.05584,1.04571,1.00754,1.03885,1.05731,1.02103,1.08433,1.04095,1.03558,1.07026,,,,
7.6,1.09814,0.982911,1.07801,1.05928,1.00896,1.04881,1.09717,0.964166,1.07687,1.06779,0.994398,1.05584,1.04639,1.00754,1.03885,1.05818,1.02103,1.08433,1.04156,1.03558,1.07026,,,,
7.7,1.09968,0.982911,1.07801,1.06017,1.00896,1.04881,1.09869,0.964166,1.07687,1.06881,0.994398,1.05584,1.04707,1.00754,1.03885,1.05905,1.02103,1.08433,1.04216,1.03558,1.07026,,,,
7.8,1.10122,0.982911,1.07801,1.06106,1.00896,1.04881,1.10021,0.964166,1.07687,1.06984,0.994398,1.05584,1.04775,1.00754,1.03885,1.05992,1.02103,1.08433,1.04277,1.03558,1.07026,,,,
7.9,1.10277,0.982911,1.07801,1.06196,1.00896,1.04881,1.10175,0.964166,1.07687,1.07088,0.994398,1.05584,1.04844,1.00754,1.03885,1.0608,1.02103,1.08433,1.04338,1.03558,1.07026,,,,
8,1.10433,0.982911,1.07801,1.06285,1.00896,1.04881,1.10329,0.964166,1.07687,1.07192,0.994398,1.05584,1.04912,1.00754,1.03885,1.06167,1.02103,1.08433,1.04399,1.03558,1.07026,,,,
8.1,1.10589,0.982911,1.07801,1.06375,1.00896,1.04881,1.10483,0.964166,1.07687,1.07296,0.994398,1.05584,1.04981,1.00754,1.03885,1.06255,1.02103,1.08433,1.0446,1.03558,1.07026,,,,
8.2,1.10745,0.982911,1.07801,1.06465,1.00896,1.04881,1.10638,0.964166,1.07687,1.074,0.994398,1.05584,1.0505,1.00754,1.03885,1.06344,1.02103,1.08433,1.04521,1.03558,1.07026,,,,
8.3,1.10903,0.982911,1.07801,1.06556,1.00896,1.04881,1.10794,0.964166,1.07687,1.07505,0.994398,1.05584,1.05119,1.00754,1.03885,1.06432,1.02103,1.08433,1.04582,1.03558,1.07026,,,,
8.4,1.11061,0.982911,1.07801,1.06646,1.00896,1.04881,1.1095,0.964166,1.07687,1.0761,0.994398,1.05584,1.05189,1.00754,1.03885,1.06521,1.02103,1.08433,1.04644,1.03558,1.07026,,,,
8.5,1.11219,0.982911,1.07801,1.06737,1.00896,1.04881,1.11106,0.964166,1.07687,1.07715,0.994398,1.05584,1.05258,1.00754,1.03885,1.0661,1.02103,1.08433,1.04706,1.03558,1.07026,,,,
8.6,1.11378,0.982911,1.07801,1.06829,1.00896,1.04881,1.11264,0.964166,1.07687,1.07821,0.994398,1.05584,1.05328,1.00754,1.03885,1.067,1.02103,1.08433,1.04767,1.03558,1.07026,,,,
8.7,1.11538,0.982911,1.07801,1.0692,1.00896,1.04881,1.11422,0.964166,1.07687,1.07927,0.994398,1.05584,1.05398,1.00754,1.03885,1.06789,1.02103,1.08433,1.04829,1.03558,1.07026,,,,
8.8,1.11698,0.982911,1.07801,1.07012,1.00896,1.04881,1.1158,0.964166,1.07687,1.08034,0.994398,1.05584,1.05468,1.00754,1.03885,1.06879,1.02103,1.08433,1.04891,1.03558,1.07026,,,,
8.9,1.11858,0.982911,1.07801,1.07104,1.00896,1.04881,1.11739,0.964166,1.07687,1.0814,0.994398,1.05584,1.05538,1.00754,1.03885,1.06969,1.02103,1.08433,1.04954,1.03558,1.07026,,,,
9,1.1202,0.982911,1.07801,1.07196,1.00896,1.04881,1.11898,0.964166,1.07687,1.08247,0.994398,1.05584,1.05608,1.00754,1.03885,1.0706,1.02103,1.08433,1.05016,1.03558,1.07026,,,,
9.1,1.12181,0.982911,1.07801,1.07289,1.00896,1.04881,1.12058,0.964166,1.07687,1.08355,0.994398,1.05584,1.05679,1.00754,1.03885,1.0715,1.02103,1.08433,1.05079,1.03558,1.07026,,,,
9.2,1.12344,0.982911,1.07801,1.07382,1.00896,1.04881,1.12219,0.964166,1.07687,1.08463,0.994398,1.05584,1.0575,1.00754,1.03885,1.07241,1.02103,1.08433,1.05141,1.03558,1.07026,,,,
9.3,1.12507,0.982911,1.07801,1.07475,1.00896,1.04881,1.1238,0.964166,1.07687,1.08571,0.994398,1.05584,1.05821,1.00754,1.03885,1.07333,1.02103,1.08433,1.05204,1.03558,1.07026,,,,
9.4,1.1267,0.982911,1.07801,1.07568,1.00896,1.04881,1.12542,0.964166,1.07687,1.08679,0.994398,1.05584,1.05892,1.00754,1.03885,1.07424,1.02103,1.08433,1.05267,1.03558,1.07026,,,,
9.5,1.12834,0.982911,1.07801,1.07662,1.00896,1.04881,1.12704,0.964166,1.07687,1.08788,0.994398,1.05584,1.05963,1.00754,1.03885,1.07516,1.02103,1.08433,1.0533,1.03558,1.07026,,,,
9.6,1.12999,0.982911,1.07801,1.07756,1.00896,1.04881,1.12867,0.964166,1.07687,1.08897,0.994398,1.05584,1.06035,1.00754,1.03885,1.07608,1.02103,1.08433,1.05394,1.03558,1.07026,,,,
9.7,1.13164,0.982911,1.07801,1.0785,1.00896,1.04881,1.1303,0.964166,1.07687,1.09006,0.994398,1.05584,1.06106,1.00754,1.03885,1.077,1.02103,1.08433,1.05457,1.03558,1.07026,,,,
9.8,1.1333,0.982911,1.07801,1.07944,1.00896,1.04881,1.13194,0.964166,1.07687,1.09116,0.994398,1.05584,1.06178,1.00754,1.03885,1.07792,1.02103,1.08433,1.05521,1.03558,1.07026,,,,
9.9,1.13496,0.982911,1.07801,1.08039,1.00896,1.04881,1.13358,0.964166,1.07687,1.09226,0.994398,1.05584,1.0625,1.00754,1.03885,1.07885,1.02103,1.08433,1.05584,1.03558,1.07026,,,,
10,1.13662,0.982911,1.07801,1.08134,1.00896,1.04881,1.13523,0.964166,1.07687,1.09336,0.994398,1.05584,1.06322,1.00754,1.03885,1.07978,1.02103,1.08433,1.05648,1.03558,1.07026,,,,
10.1,1.1383,0.982911,1.07801,1.08229,1.00896,1.04881,1.13688,0.964166,1.07687,1.09447,0.994398,1.05584,1.06395,1.00754,1.03885,1.08071,1.02103,1.08433,1.05712,1.03558,1.07026,,,,
10.2,1.13997,0.982911,1.07801,1.08324,1.00896,1.04881,1.13854,0.964166,1.07687,1.09558,0.994398,1.05584,1.06467,1.00754,1.03885,1.08165,1.02103,1.08433,1.05776,1.03558,1.07026,,,,
10.3,1.14166,0.982911,1.07801,1.0842,1.00896,1.04881,1.14021,0.964166,1.07687,1.09669,0.994398,1.05584,1.0654,1.00754,1.03885,1.08258,1.02103,1.08433,1.05841,1.03558,1.07026,,,,
10.4,1.14334,0.982911,1.07801,1.08516,1.00896,1.04881,1.14188,0.964166,1.07687,1.0978,0.994398,1.05584,1.06613,1.00754,1.03885,1.08352,1.02103,1.08433,1.05905,1.03558,1.07026,,,,
10.5,1.14504,0.982911,1.07801,1.08612,1.00896,1.04881,1.14355,0.964166,1.07687,1.09892,0.994398,1.05584,1.06686,1.00754,1.03885,1.08446,1.02103,1.08433,1.0597,1.03558,1.07026,,,,
10.6,1.14674,0.982911,1.07801,1.08709,1.00896,1.04881,1.14523,0.964166,1.07687,1.10005,0.994398,1.05584,1.06759,1.00754,1.03885,1.08541,1.02103,1.08433,1.06035,1.03558,1.07026,,,,
10.7,1.14844,0.982911,1.07801,1.08805,1.00896,1.04881,1.14691,0.964166,1.07687,1.10117,0.994398,1.05584,1.06832,1.00754,1.03885,1.08636,1.02103,1.08433,1.06099,1.03558,1.07026,,,,
10.8,1.15015,0.982911,1.07801,1.08902,1.00896,1.04881,1.1486,0.964166,1.07687,1.1023,0.994398,1.05584,1.06906,1.00754,1.03885,1.08731,1.02103,1.08433,1.06164,1.03558,1.07026,,,,
10.9,1.15186,0.982911,1.07801,1.09,1.00896,1.04881,1.1503,0.964166,1.07687,1.10343,0.994398,1.05584,1.0698,1.00754,1.03885,1.08826,1.02103,1.08433,1.0623,1.03558,1.07026,,,,
11,1.15358,0.982911,1.07801,1.09097,1.00896,1.04881,1.152,0.964166,1.07687,1.10457,0.994398,1.05584,1.07054,1.00754,1.03885,1.08921,1.02103,1.08433,1.06295,1.03558,1.07026,,,,
11.1,1.1553,0.982911,1.07801,1.09195,1.00896,1.04881,1.1537,0.964166,1.07687,1.1057,0.994398,1.05584,1.07128,1.00754,1.03885,1.09017,1.02103,1.08433,1.0636,1.03558,1.07026,,,,
11.2,1.15703,0.982911,1.07801,1.09293,1.00896,1.04881,1.15541,0.964166,1.07687,1.10684,0.994398,1.05584,1.07202,1.00754,1.03885,1.09113,1.02103,1.08433,1.06426,1.03558,1.07026,,,,
11.3,1.15877,0.982911,1.07801,1.09391,1.00896,1.04881,1.15712,0.964166,1.07687,1.10799,0.994398,1.05584,1.07276,1.00754,1.03885,1.09209,1.02103,1.08433,1.06492,1.03558,1.07026,,,,
11.4,1.1605,0.982911,1.07801,1.0949,1.00896,1.04881,1.15884,0.964166,1.07687,1.10913,0.994398,1.05584,1.07351,1.00754,1.03885,1.09305,1.02103,1.08433,1.06558,1.03558,1.07026,,,,
11.5,1.16225,0.982911,1.07801,1.09589,1.00896,1.04881,1.16057,0.964166,1.07687,1.11028,0.994398,1.05584,1.07426,1.00754,1.03885,1.09402,1.02103,1.08433,1.06624,1.03558,1.07026,,,,
11.6,1.164,0.982911,1.07801,1.09688,1.00896,1.04881,1.1623,0.964166,1.07687,1.11144,0.994398,1.05584,1.07501,1.00754,1.03885,1.09499,1.02103,1.08433,1.0669,1.03558,1.07026,,,,
11.7,1.16575,0.982911,1.07801,1.09787,1.00896,1.04881,1.16403,0.964166,1.07687,1.11259,0.994398,1.05584,1.07576,1.00754,1.03885,1.09596,1.02103,1.08433,1.06756,1.03558,1.07026,,,,
11.8,1.16751,0.982911,1.07801,1.09886,1.00896,1.04881,1.16577,0.964166,1.07687,1.11375,0.994398,1.05584,1.07651,1.00754,1.03885,1.09694,1.02103,1.08433,1.06823,1.03558,1.07026,,,,
11.9,1.16927,0.982911,1.07801,1.09986,1.00896,1.04881,1.16751,0.964166,1.07687,1.11491,0.994398,1.05584,1.07726,1.00754,1.03885,1.09791,1.02103,1.08433,1.06889,1.03558,1.07026,,,,
12,1.17104,0.982911,1.07801,1.10086,1.00896,1.04881,1.16926,0.964166,1.07687,1.11608,0.994398,1.05584,1.07802,1.00754,1.03885,1.09889,1.02103,1.08433,1.06956,1.03558,1.07026,,,,
12.1,1.17281,0.982911,1.07801,1.10186,1.00896,1.04881,1.17101,0.964166,1.07687,1.11725,0.994398,1.05584,1.07878,1.00754,1.03885,1.09987,1.02103,1.08433,1.07023,1.03558,1.07026,,,,
12.2,1.17458,0.982911,1.07801,1.10287,1.00896,1.04881,1.17276,0.964166,1.07687,1.11842,0.994398,1.05584,1.07954,1.00754,1.03885,1.10086,1.02103,1.08433,1.0709,1.03558,1.07026,,,,
12.3,1.17637,0.982911,1.07801,1.10388,1.00896,1.04881,1.17453,0.964166,1.07687,1.11959,0.994398,1.05584,1.0803,1.00754,1.03885,1.10184,1.02103,1.08433,1.07157,1.03558,1.07026,,,,
12.4,1.17815,0.982911,1.07801,1.10489,1.00896,1.04881,1.17629,0.964166,1.07687,1.12077,0.994398,1.05584,1.08106,1.00754,1.03885,1.10283,1.02103,1.08433,1.07224,1.03558,1.07026,,,,
12.5,1.17994,0.982911,1.07801,1.1059,1.00896,1.04881,1.17806,0.964166,1.07687,1.12195,0.994398,1.05584,1.08183,1.00754,1.03885,1.10382,1.02103,1.08433,1.07292,1.03558,1.07026,,,,
12.6,1.18174,0.982911,1.07801,1.10691,1.00896,1.04881,1.17984,0.964166,1.07687,1.12313,0.994398,1.05584,1.08259,1.00754,1.03885,1.10482,1.02103,1.08433,1.07359,1.03558,1.07026,,,,
12.7,1.18354,0.982911,1.07801,1.10793,1.00896,1.04881,1.18162,0.964166,1.07687,1.12432,0.994398,1.05584,1.08336,1.00754,1.03885,1.10581,1.02103,1.08433,1.07427,1.03558,1.07026,,,,
12.8,1.18534,0.982911,1.07801,1.10895,1.00896,1.04881,1.1834,0.964166,1.07687,1.12551,0.994398,1.05584,1.08413,1.00754,1.03885,1.10681,1.02103,1.08433,1.07495,1.03558,1.07026,,,,
12.9,1.18715,0.982911,1.07801,1.10997,1.00896,1.04881,1.18519,0.964166,1.07687,1.1267,0.994398,1.05584,1.0849,1.00754,1.03885,1.10781,1.02103,1.08433,1.07563,1.03558,1.07026,,,,
13,1.18896,0.982911,1.07801,1.111,1.00896,1.04881,1.18698,0.964166,1.07687,1.12789,0.994398,1.05584,1.08568,1.00754,1.03885,1.10881,1.02103,1.08433,1.07631,1.03558,1.07026,,,,
13.1,1.19078,0.982911,1.07801,1.11202,1.00896,1.04881,1.18878,0.964166,1.07687,1.12909,0.994398,1.05584,1.08645,1.00754,1.03885,1.10982,1.02103,1.08433,1.07699,1.03558,1.07026,,,,
13.2,1.1926,0.982911,1.07801,1.11305,1.00896,1.04881,1.19058,0.964166,1.07687,1.13029,0.994398,1.05584,1.08723,1.00754,1.03885,1.11082,1.02103,1.08433,1.07768,1.03558,1.07026,,,,
13.3,1.19442,0.982911,1.07801,1.11409,1.00896,1.04881,1.19238,0.964166,1.07687,1.13149,0.994398,1.05584,1.088,1.00754,1.03885,1.11183,1.02103,1.08433,1.07836,1.03558,1.07026,,,,
13.4,1.19625,0.982911,1.07801,1.11512,1.00896,1.04881,1.19419,0.964166,1.07687,1.1327,0.994398,1.05584,1.08878,1.00754,1.03885,1.11285,1.02103,1.08433,1.07905,1.03558,1.07026,,,,
13.5,1.19809,0.982911,1.07801,1.11616,1.00896,1.04881,1.196,0.964166,1.07687,1.13391,0.994398,1.05584,1.08957,1.00754,1.03885,1.11386,1.02103,1.08433,1.07974,1.03558,1.07026,,,,
13.6,1.19993,0.982911,1.07801,1.1172,1.00896,1.04881,1.19782,0.964166,1.07687,1.13512,0.994398,1.05584,1.09035,1.00754,1.03885,1.11488,1.02103,1.08433,1.08043,1.03558,1.07026,,,,
13.7,1.20177,0.982911,1.07801,1.11824,1.00896,1.04881,1.19964,0.964166,1.07687,1.13634,0.994398,1.05584,1.09113,1.00754,1.03885,1.1159,1.02103,1.08433,1.08112,1.03558,1.07026,,,,
13.8,1.20362,0.982911,1.07801,1.11928,1.00896,1.04881,1.20147,0.964166,1.07687,1.13755,0.994398,1.05584,1.09192,1.00754,1.03885,1.11692,1.02103,1.08433,1.08181,1.03558,1.07026,,,,
13.9,1.20547,0.982911,1.07801,1.12033,1.00896,1.04881,1.2033,0.964166,1.07687,1.13877,0.994398,1.05584,1.09271,1.00754,1.03885,1.11794,1.02103,1.08433,1.08251,1.03558,1.07026,,,,
14,1.20732,0.982911,1.07801,1.12138,1.00896,1.04881,1.20513,0.964166,1.07687,1.14,0.994398,1.05584,1.0935,1.00754,1.03885,1.11897,1.02103,1.08433,1.0832,1.03558,1.07026,,,,
