axis,width_nm,quantity,X0,c_SD_A,rms_SD,c2_Eringen_A2,rms_Eringen,c_excess_A,rms_excess,kGA_longwave
100,1.8,EA,82.3095,2.99363,0.006066,-7.48784,0.003162,2.55248,0.001545,nan
100,1.8,EIx,1750.16,6.03473,0.01205,-19.3188,0.04046,5.06565,0.01727,257.201
100,2.2,EA,134.237,2.98306,0.003775,-8.02146,0.002856,2.51691,0.00134,nan
100,2.2,EIx,4547.16,5.98521,0.006337,-24.1758,0.01705,4.85642,0.0084,311.035
100,2.9,EA,262.101,3.31082,0.005406,-10.3394,0.005263,2.76633,0.004807,nan
100,2.9,EIx,16646.7,6.42728,0.01397,-33.2795,0.01375,4.81465,0.01387,488.292
110,2.2,EA,434.452,2.3811,0.02155,-5.28131,0.02122,0.888549,0.01957,nan
110,2.2,EIx,20342.1,3.2026,0.009351,-8.53103,0.0107,0.999277,0.01002,213.061
110,2.2,EIy,15309.8,-1.40523,0.0295,1.94996,0.02956,-2.80676,0.03025,45.2472
110,2.9,EA,833.549,2.42667,0.002565,-5.5816,0.002604,-1.32796,0.003369,nan
110,2.9,EIx,66473.1,3.4091,0.0003675,-10.5484,0.0002241,-1.82934,0.0003057,402.314
110,2.9,EIy,62228.9,-3.40946,0.008583,13.0959,0.008404,-4.497,0.008251,90.8903
