k_invA,100_1.8_EA_over_X0_SD,100_1.8_EIx_over_X0_SD,100_2.2_EA_over_X0_SD,100_2.2_EIx_over_X0_SD,100_2.9_EA_over_X0_SD,100_2.9_EIx_over_X0_SD,110_2.2_EA_over_X0_SD,110_2.2_EIx_over_X0_SD,110_2.2_EIy_over_X0_SD,110_2.9_EA_over_X0_SD,110_2.9_EIx_over_X0_SD,110_2.9_EIy_over_X0_SD
0.0,1.0,1.0,1.0,1.0,1.0,1.0,1.0,1.0,1.0,1.0,1.0,1.0
0.0025,1.0000560113786057,1.0002276122885807,1.0000556165435226,1.0002238921171507,1.0000685095567026,1.00025818705124,1.0000354352325624,1.00006410404225,0.9999876583040443,1.0000368045455557,1.0000726372675626,0.9999273473906775
0.005,1.0002240455144225,1.0009104491543226,1.00022246617409,1.0008955684686025,1.00027403822681,1.00103274820496,1.00014174093025,1.000256416169,0.9999506332161775,1.0001472181822224,1.00029054907025,0.99970938956271
0.0075,1.0005041024074506,1.0020485105972257,1.0005005488917025,1.0020150290543557,1.0006165860103224,1.00232368346116,1.0003189170930624,1.00057693638025,0.9998889247363993,1.0003312409100007,1.0006537354080625,0.9993461265160976
0.01,1.00089618205769,1.00364179661729,1.00088986469636,1.00358227387441,1.00109615290724,1.00413099281984,1.000566963721,1.001025664676,0.99980253286471,1.00058887272889,1.001162196281,0.99883755825084
0.0125,1.0014002844651406,1.0056903072145156,1.0013904135880625,1.0055973029287657,1.0017127389175624,1.006454676281,1.0008858808140626,1.00160260105625,0.9996914576011093,1.0009201136388906,1.0018159316890625,0.9981836847669375
0.015,1.0020164096298025,1.0081940423889024,1.00200219556681,1.0080601162174225,1.00246634404129,1.00929473384464,1.00127566837225,1.002307745521,0.9995556989455975,1.0013249636400026,1.00261494163225,0.99738450606439
0.0175,1.0027445575516756,1.0111530021404507,1.0027252106326026,1.0109707137403807,1.0033569682784225,1.01265116551076,1.0017363263955625,1.00314109807025,0.9993952568981743,1.0018034227322257,1.0035592261105626,0.9964400221431975
0.02,1.00358472823076,1.01456718646916,1.00355945878544,1.01432909549764,1.00438461162896,1.01652397127936,1.002267854884,1.004102658704,0.99921013145884,1.00235549091556,1.004648785124,0.99535023300336
0.0225,1.0045369216670557,1.0184365953750307,1.0045049400253225,1.0181352614892005,1.0055492740929024,1.02091315115044,1.0028702538375625,1.00519242742225,0.9990003226275944,1.0029811681900056,1.0058836186725626,0.9941151386448775
0.025,1.0056011378605625,1.0227612288580625,1.00556165435225,1.0223892117150626,1.00685095567025,1.025818705124,1.00354352325625,1.006410404225,0.9987658304044374,1.0036804545555624,1.00726372675625,0.99273473906775
0.0275,1.0067773768112807,1.0275410869182555,1.0067296017662224,1.0270909461752256,1.0082896563610024,1.03124063320004,1.0042876631400626,1.00775658911225,0.9985066547893694,1.0044533500122306,1.0087891093750625,0.9912090342719775
0.03,1.00806563851921,1.03277616955561,1.00800878226724,1.0322404648696901,1.00986537616516,1.03717893537856,1.005102673489,1.009230982084,0.99822279578239,1.00529985456001,1.010459766529,0.98953802425756
0.0325,1.0094659229843506,1.0384664767701257,1.0093991958553026,1.0378377677984556,1.0115781150827226,1.04363361165956,1.0059885543030624,1.01083358314025,0.9979142533834994,1.0062199681989006,1.0122756982180625,0.9877217090244975
0.035,1.0109782302067025,1.0446120085618025,1.01090084253041,1.0438828549615224,1.01342787311369,1.05060466204304,1.00694530558225,1.012564392281,0.9975810275926975,1.0072136909289024,1.01423690444225,0.98576008857279
0.0375,1.0126025601862656,1.0512127649306406,1.0125137222925624,1.0503757263588906,1.0154146502580625,1.058092086529,1.0079729273265625,1.01442340950625,0.9972231184099843,1.0082810227500156,1.0163433852015624,0.9836531629024375
0.04,1.01433891292304,1.05826874587664,1.01423783514176,1.05731638199056,1.01753844651584,1.06609588511744,1.009071419536,1.016410634816,0.99684052583536,1.00942196366224,1.018595140496,0.98140093201344
0.0425,1.0161872884170255,1.0657799513998005,1.0160731810780026,1.0647048218565307,1.0197992618870224,1.0746160578083601,1.0102407822105626,1.01852606821025,0.9964332498688244,1.0106365136655757,1.0209921703255624,0.9790033959057975
0.045,1.0181476866682224,1.0737463815001225,1.01801976010129,1.0725410459568026,1.02219709637161,1.08365260460176,1.01148101535025,1.020769709689,0.9960012905103774,1.0119246727600224,1.02353447469025,0.97646055457951
0.0475,1.0202201076766306,1.0821680361776056,1.0200775722116224,1.0808250542913758,1.0247319499696026,1.09320552549764,1.0127921189550626,1.02314155925225,0.9955446477600194,1.0132864409455806,1.0262220535900626,0.9737724080345775
0.05,1.02240455144225,1.09104491543225,1.022246617409,1.0895568468602501,1.027403822681,1.103274820496,1.014174093025,1.0256416169,0.99506332161775,1.01472181822225,1.029054907025,0.970938956271
0.0525,1.0247010179650806,1.1003770192640556,1.0245268956934226,1.0987364236634256,1.0302127145058024,1.11386048959684,1.0156269375600624,1.02826988263225,0.9945573120835693,1.0162308045900306,1.0320330349950626,0.9679601992887775
0.055,1.0271095072451224,1.1101643476730225,1.02691840706489,1.1083637847009025,1.03315862544401,1.12496253280016,1.01715065256025,1.031026356449,0.9940266191574775,1.0178134000489225,1.03515643750025,0.96483613708791
0.0575,1.0296300192823755,1.1204069006591506,1.0294211515234024,1.1184389299726807,1.0362415554956226,1.13658095010596,1.0187452380255626,1.03391103835025,0.9934712428394744,1.0194696045989255,1.0384251145405625,0.9615667696683975
0.06,1.03226255407684,1.1311046782224399,1.03203512906896,1.12896185947876,1.03946150466064,1.14871574151424,1.020410693956,1.036923928336,0.99289118312956,1.02119941824004,1.041839066116,0.95815209703024
0.0625,1.0350071116285156,1.1422576803628905,1.0347603397015626,1.1399325732191405,1.0428184729390626,1.161366907025,1.0221470203515626,1.04006502640625,0.9922864400277344,1.0230028409722656,1.0453982922265626,0.9545921191734374
0.065,1.0378636919374025,1.1538659070805024,1.03759678342121,1.1513510711938224,1.04631246033089,1.17453444663824,1.02395421721225,1.043334332561,0.9916570135339975,1.0248798727956026,1.04910279287225,0.95088683609799
0.0675,1.0408322950035007,1.1659293583752757,1.0405444602279026,1.1632173534028056,1.0499434668361225,1.18821836035396,1.0258322845380625,1.04673184680025,0.9910029036483494,1.0268305137100506,1.0529525680530625,0.9470362478038975
0.07,1.04391292082681,1.17844803424721,1.04360337012164,1.17553141984609,1.05371149245476,1.20241864817216,1.027781222329,1.050257569124,0.99032411037079,1.02885476371561,1.056947617769,0.94304035429116
0.0725,1.0471055694073306,1.1914219346963055,1.0467735131024225,1.1882932705236757,1.0576165371868025,1.21713531009284,1.0298010305850624,1.05391149953225,0.9896206337013194,1.0309526228122807,1.0610879420200625,0.9388991555597775
0.075,1.0504102407450624,1.2048510597225626,1.05005488917025,1.2015029054355626,1.06165860103225,1.232368346116,1.03189170930625,1.057693638025,0.9888924736399375,1.0331240910000625,1.06537354080625,0.93461265160975
0.0775,1.0538269348400056,1.2187354093259806,1.0534474983251225,1.2151603245817506,1.0658376839911026,1.24811775624164,1.0340532584925626,1.06160398460225,0.9881396301866444,1.0353691682789556,1.0698044141275624,0.9301808424410775
0.08,1.05735565169216,1.23307498350656,1.05695134056704,1.22926552796224,1.07015378606336,1.26438354046976,1.036285678144,1.065642539264,0.98736210334144,1.03768785464896,1.074380561984,0.92560372805376
0.0825,1.0609963913015257,1.2478697822643006,1.0605664158960024,1.2438185155770307,1.0746069072490225,1.28116569880036,1.0385889682605625,1.06980930201025,0.9865598931043243,1.0400801501100756,1.0791019843755625,0.9208813084477975
0.085,1.0647491536681024,1.2631198055992026,1.06429272431201,1.2588192874261226,1.07919704754809,1.29846423123344,1.04096312884225,1.074104272841,0.9857329994752975,1.0425460546623024,1.08396868130225,0.91601358362319
0.0875,1.0686139387918907,1.2788250535112655,1.0681302658150624,1.2742678435095156,1.0839242069605626,1.316279137769,1.0434081598890625,1.07852745175625,0.9848814224543594,1.0450855683056406,1.0889806527640624,0.9110005535799375
0.09,1.07259074667289,1.2949855260004899,1.07207904040516,1.29016418382721,1.08878838548644,1.33461041840704,1.045924061401,1.083078838756,0.98400516204151,1.04769869104009,1.094137898761,0.90584221831804
0.0925,1.0766795773111006,1.3116012230668757,1.0761390480823025,1.3065083083792057,1.0937895831257225,1.3534580731475598,1.0485108333780624,1.08775843384025,0.9831042182367494,1.0503854228656506,1.0994404192930625,0.9005385778374975
0.095,1.0808804307065225,1.3286721447104224,1.08031028884649,1.3233002171655026,1.09892779987841,1.37282210199056,1.05116847582025,1.092566237009,0.9821785910400775,1.0531457637823225,1.10488821436025,0.8950896321383099
0.0975,1.0851933068591557,1.3461982909311305,1.0845927626977225,1.3405399101861006,1.1042030357445025,1.39270250493604,1.0538969887275624,1.09750224826225,0.9812282804514944,1.0559797137901057,1.1104812839625624,0.8894953812204774
0.1,1.089618205769,1.364179661729,1.088986469636,1.358227387441,1.109615290724,1.413099281984,1.0566963721,1.1025664676,0.980253286471,1.058887272889,1.1162196281,0.883755825084
0.1025,1.0941551274360557,1.3826162571040306,1.0934914096613224,1.3763626489302005,1.1151645648169024,1.43401243313444,1.0595666259375625,1.10775889502225,0.9792536090985944,1.0618684410790056,1.1221032467725625,0.8778709637288775
0.105,1.0988040718603225,1.4015080770562225,1.09810758277369,1.3949456946537024,1.12085085802321,1.45544195838736,1.06250775024025,1.113079530529,0.9782292483342775,1.0649232183601225,1.12813213998025,0.87184079715511
0.1075,1.1035650390418006,1.4208551215855756,1.1028349889731026,1.4139765246115057,1.1266741703429226,1.47738785774276,1.0655197450080625,1.11852837412025,0.9771802041780494,1.0680516047323507,1.1343063077230624,0.8656653253626975
0.11,1.10843802898049,1.4406573906920899,1.10767362825956,1.43345513880361,1.13263450177604,1.4998501312006398,1.068602610241,1.124105425796,0.97610647662991,1.07125360019569,1.140625750001,0.85934454835164
0.1125,1.1134230416763906,1.4609148843757656,1.1126235006330625,1.4533815372300158,1.1387318523225625,1.522828778761,1.0717563459390624,1.12981068555625,0.9750080656898594,1.0745292047501407,1.1470904668140625,0.8528784661219375
0.115,1.1185200771295025,1.4816276026366024,1.11768460609361,1.4737557198907227,1.14496622198249,1.54632380042384,1.07498095210225,1.135644153401,0.9738849713578975,1.0778784183957024,1.15370045816225,0.84626707867359
0.1175,1.1237291353398255,1.5027955454746005,1.1228569446412024,1.4945776867857308,1.1513376107558224,1.5703351961891598,1.0782764287305624,1.14160582933025,0.9727371936340243,1.0813012411323757,1.1604557240455624,0.8395103860065976
0.12,1.12905021630736,1.52441871288976,1.12814051627584,1.5158474379150402,1.15784601864256,1.5948629660569598,1.081642775824,1.147695713344,0.97156473251824,1.08479767296016,1.1673562644639999,0.83260838812096
0.1225,1.1344833200321056,1.5464971048820804,1.1335353209975225,1.5375649732786507,1.1644914456427025,1.6199071100272397,1.0850799933825626,1.15391380544225,0.9703675880105443,1.0883677138790557,1.1744020794175625,0.8255610850166775
0.125,1.1400284465140624,1.5690307214515624,1.13904135880625,1.5597302928765626,1.17127389175625,1.6454676281,1.08858808140625,1.160260105625,0.9691457601109374,1.0920113638890625,1.18159316890625,0.81836847669375
0.1275,1.1456855957532306,1.5920195625982054,1.1446586297020225,1.5823433967087759,1.1781933569832026,1.67154452027524,1.0921670398950625,1.1667346138922499,0.9678992488194194,1.0957286229901806,1.1889295329300624,0.8110305631521775
0.13,1.15145476774961,1.61546362832201,1.15038713368484,1.60540428477529,1.18524984132356,1.6981377865529599,1.095816868849,1.173337330244,0.96662805413599,1.09951949118241,1.196411171489,0.80354734439196
0.1325,1.1573359625032007,1.6393629186229757,1.1562268707547025,1.6289129570761058,1.1924433447773226,1.72524742693316,1.0995375682680626,1.18006825468025,0.9653321760606494,1.1033839684657507,1.2040380845830625,0.7959188204130975
0.135,1.1633291800140024,1.6637174335011027,1.16217784091161,1.6528694136112227,1.19977386734449,1.75287344141584,1.10332913815225,1.186927387201,0.9640116145933975,1.1073220548402025,1.21181027221225,0.78814499121559
0.1375,1.1694344202820157,1.6885271729563907,1.1682400441555625,1.6772736543806408,1.2072414090250625,1.781015830001,1.1071915785015625,1.19391472780625,0.9626663697342344,1.1113337503057656,1.2197277343765625,0.7802258567994375
0.14,1.17565168330724,1.71379213698884,1.17441348048656,1.7021256793843602,1.2148459698190401,1.8096745926886402,1.111124889316,1.2010302764960001,0.96129644148316,1.11541905486244,1.2277904710760001,0.7721614171646399
0.1425,1.1819809690896756,1.7395123255984504,1.1806981499046025,1.7274254886223805,1.2225875497264225,1.8388497294787598,1.1151290705955625,1.20827403327025,0.9599018298401744,1.1195779685102256,1.2359984823105625,0.7639516723111975
0.145,1.1884222776293225,1.7656877387852221,1.18709405240969,1.7531730820947025,1.23046614874721,1.8685412403713597,1.11920412234025,1.215645998129,0.9584825348052775,1.1238104912491225,1.24435176808025,0.7555966222391101
0.1475,1.1949756089261805,1.7923183765491553,1.1936011880018225,1.7793684598013257,1.2384817668814025,1.89874912536644,1.1233500445500626,1.22314617107225,0.9570385563784694,1.1281166230791306,1.2528503283850625,0.7470962669483775
0.15,1.20164096298025,1.8194042388902498,1.200219556681,1.80601162174225,1.246634404129,1.929473384464,1.127566837225,1.2307745521,0.9555698945597499,1.13249636400025,1.261494163225,0.738450606439
0.1525,1.2084183397915307,1.8469453258085053,1.2069491584472225,1.8331025679174757,1.2549240604900025,1.9607140176640399,1.1318545003650624,1.23853114121225,0.9540765493491193,1.1369497140124807,1.2702832726000626,0.7296596407109774
0.155,1.2153077393600225,1.8749416373039223,1.21378999330049,1.8606412983270029,1.26335073596441,1.9924710249665598,1.13621303397025,1.246415938409,0.9525585207465775,1.1414766731158226,1.27921765651025,0.7207233697643101
0.1575,1.2223091616857256,1.9033931733765006,1.2207420612408024,1.8886278129708307,1.2719144305522225,2.0247444063715596,1.1406424380405624,1.25442894369025,0.9510158087521243,1.1460772413102756,1.2882973149555625,0.7116417935989975
0.16,1.22942260676864,1.93229993402624,1.22780536226816,1.9170621118489604,1.28061514425344,2.05753416187904,1.145142712576,1.262570157056,0.94944841336576,1.15075141859584,1.297522247936,0.7024149122150399
0.1625,1.2366480746087656,1.9616619192531406,1.2349798963825624,1.945944194961391,1.2894528770680624,2.090840291489,1.1497138575765624,1.27083957850625,0.9478563345874844,1.1554992049725157,1.3068924554515626,0.6930427256124374
0.165,1.2439855652061025,1.9914791290572025,1.2422656635840101,1.9752740623081229,1.29842762899609,2.1246627952014396,1.15435587304225,1.279237208041,0.9462395724172975,1.1603206004403026,1.31640793750225,0.6835252337911899
0.1675,1.2514350785606507,2.0217515634384258,1.2496626638725026,2.0050517138891557,1.3075394000375224,2.15900167301636,1.1590687589730626,1.28776304566025,0.9445981268551994,1.1652156049992006,1.3260686940880624,0.6738624367512974
0.17,1.25899661467241,2.0524792223968102,1.2571708972480402,2.0352771497044904,1.31678819019236,2.19385692493376,1.163852515369,1.296417091364,0.94293199790119,1.17018421864921,1.335874725209,0.66405433449276
0.1725,1.2666701735413806,2.0836621059323552,1.2647903637106226,2.065950369754126,1.3261739994606025,2.2292285509536396,1.1687071422300626,1.30519934515225,0.9412411855552694,1.1752264413903306,1.3458260308650625,0.6541009270155775
0.175,1.2744557551675624,2.115300214045062,1.27252106326025,2.0970713740380624,1.33569682784225,2.265116551076,1.17363263955625,1.314109807025,0.9395256898174376,1.1803422732225624,1.35592261105625,0.64400221431975
0.1775,1.2823533595509555,2.1473935467349303,1.2803629958969225,2.1286401625563007,1.3453566753373025,2.3015209253008395,1.1786290073475625,1.32314847698225,0.9377855106876943,1.1855317141459056,1.3661644657825625,0.6337581964052775
0.18,1.29036298669156,2.1799421040019595,1.28831616162064,2.16065673530884,1.3551535419457599,2.33844167362816,1.183696245604,1.332315355024,0.93602064816604,1.19079476416036,1.376551595044,0.6233688732721601
0.1825,1.2984846365893756,2.2129458858461506,1.2963805604314025,2.193121092295681,1.3650874276676226,2.3758787960579597,1.1888343543255626,1.3416104411502499,0.9342311022524744,1.1961314232659257,1.3870839988405623,0.6128342449203974
0.185,1.3067183092444026,2.246404892267502,1.3045561923292102,2.226033233516823,1.37515833250289,2.41383229259024,1.19404333351225,1.351033735361,0.9324168729469975,1.2015416914626025,1.3977616771722499,0.6021543113499899
0.1875,1.3150640046566406,2.2803191232660156,1.3128430573140626,2.259393158972266,1.3853662564515625,2.4523021632249997,1.1993231831640625,1.36058523765625,0.9305779602496094,1.2070255687503906,1.4085846300390625,0.5913290725609375
0.19,1.32352172282609,2.3146885788416895,1.32124115538596,2.2932008686620104,1.39571119951364,2.49128840796224,1.204673903281,1.370264948036,0.92871436416031,1.21258305512929,1.419552857441,0.58035852855324
0.1925,1.3320914637527506,2.3495132589945253,1.3297504865449026,2.327456362586056,1.4061931616891226,2.5307910268019596,1.2100954938630626,1.38007286650025,0.9268260846790993,1.2182141505993007,1.4306663593780624,0.5692426793268974
0.195,1.3407732274366224,2.384793163724522,1.3383710507908901,2.3621596407444025,1.41681214297801,2.57081001974416,1.21558795491025,1.390008993049,0.9249131218059775,1.2239188551604225,1.44192513585025,0.55798152488191
0.1975,1.3495670138777056,2.4205282930316807,1.3471028481239227,2.397310703137051,1.4275681433803027,2.61134538678884,1.2211512864225624,1.4000733276822501,0.9229754755409444,1.2296971688126557,1.4533291868575624,0.5465750652182775
0.2,1.358472823076,2.4567186469160003,1.355945878544,2.4329095497640005,1.438461162896,2.652397127936,1.2267854884,1.4102658704,0.921013145884,1.2355490915560001,1.4648785123999999,0.5350233003359999
0.2025,1.3674906550315056,2.493364225377481,1.3649001420511226,2.468956180625251,1.4494912015251025,2.69396524318564,1.2324905608425625,1.42058662120225,0.9190261328351443,1.2414746233904557,1.4765731124775625,0.5233262302350774
0.205,1.3766205097442223,2.5304650284161223,1.37396563864529,2.5054505957208026,1.46065825926761,2.7360497325377597,1.23826650375025,1.431035580089,0.9170144363943775,1.2474737643160225,1.4884129870902498,0.5114838549155101
0.2075,1.3858623872141504,2.568021056031925,1.3831423683265025,2.542392795050656,1.4719623361235223,2.7786505959923593,1.2441133171230625,1.4416127470602498,0.9149780565616994,1.2535465143327005,1.5003981362380623,0.49949617437729754
0.21,1.39521628744129,2.6060323082248895,1.39243033109476,2.57978277861481,1.48340343209284,2.8217678335494396,1.250031000961,1.452318122116,0.91291699333711,1.25969287344049,1.5125285599209999,0.48736318862044004
0.2125,1.4046822104256407,2.6444987849950152,1.4018295269500625,2.617620546413266,1.4949815471755625,2.8654014452089998,1.2560195552640625,1.46315170525625,0.9108312467206093,1.2659128416393908,1.5248042581390626,0.47508489764493744
0.215,1.4142601561672024,2.6834204863423023,1.41133995589241,2.6559060984460228,1.50669668137169,2.9095514309710397,1.26207898003225,1.4741134964809999,0.9087208167121975,1.2722064189294024,1.53722523089225,0.46266130145079
0.2175,1.4239501246659756,2.7227974122667504,1.4209616179218025,2.694639434713081,1.5185488346812226,2.9542177908355596,1.2682092752655625,1.48520349579025,0.9065857033118744,1.2785736053105257,1.5497914781805624,0.45009240003799744
0.22,1.43375211592196,2.7626295627683595,1.43069451303824,2.7338205552144403,1.5305380071041599,2.9994005248025593,1.274410440964,1.496421703184,0.90442590651964,1.28501440078276,1.5625030000039999,0.43737819340656003
0.2225,1.4436661299351556,2.8029169378471304,1.4405386412417225,2.773449459950101,1.5426641986405025,3.0450996328720397,1.2806824771275624,1.50776811866225,0.9022414263354944,1.2915288053461056,1.5753597963625625,0.42451868155647743
0.225,1.4536921667055624,2.843659537503062,1.4504940025322501,2.813526148920063,1.55492740929025,3.091315115044,1.28702538375625,1.5192427422249999,0.9000322627594375,1.2981168190005625,1.5883618672562498,0.41151386448774985
0.2275,1.4638302262331806,2.884857361736155,1.4605605969098225,2.8540506221243263,1.5673276390534028,3.1380469713184396,1.2934391608500624,1.53084557387225,0.8977984157914694,1.3047784417461306,1.6015092126850625,0.3983637422003774
0.23,1.47408030851801,2.9265104105464097,1.4707384243744401,2.895022879562891,1.57986488792996,3.18529520169536,1.299923808409,1.542576613604,0.89553988543159,1.3115136735828101,1.614801832649,0.38506831469435987
0.2325,1.4844424135600507,2.9686186839338253,1.4810274849261027,2.9364429212357566,1.5925391559199227,3.2330598061747597,1.3064793264330625,1.55443586142025,0.8932566716797994,1.3183225145106006,1.6282397271480624,0.37162758196969736
0.235,1.4949165413593024,3.011182181898402,1.49142777856481,2.978310747142923,1.60535044302329,3.2813407847566394,1.31310571492225,1.566423317321,0.8909487745360976,1.3252049645295025,1.6418228961822499,0.3580415440263901
0.2375,1.5055026919157655,3.0542009044401404,1.5019393052905625,3.020626357284391,1.6182987492400627,3.3301381374409993,1.3198029738765624,1.5785389813062498,0.8886161940004844,1.3321610236395156,1.6555513397515624,0.34431020086443753
0.24,1.5162008652294399,3.0976748515590393,1.51256206510336,3.0633897516601607,1.63138407457024,3.3794518642278395,1.3265711032960001,1.590782853376,0.88625893007296,1.33919069184064,1.669425057856,0.33043355248384
0.2425,1.5270110613003256,3.1416040232551006,1.5232960580032024,3.106600930270231,1.6446064190138225,3.4292819651171595,1.3334101031805625,1.60315493353025,0.8838769827535244,1.3462939691328757,1.6834440504955626,0.31641159888459747
0.245,1.5379332801284225,3.185988419528322,1.53414128399009,3.150259893114603,1.65796578257081,3.4796284401089594,1.34031997353025,1.615655221769,0.8814703520421775,1.3534708555162225,1.6976083176702499,0.30224434006670997
0.2475,1.5489675217137306,3.2308280403787055,1.5450977430640225,3.194366640193276,1.6714621652412025,3.5304912892032396,1.3473007143450624,1.6282837180922498,0.8790390379389194,1.3607213509906806,1.7119178593800624,0.2879317760301774
0.25,1.56011378605625,3.2761228858062497,1.556165435225,3.2389211715062505,1.685095567025,3.5818705123999997,1.354352325625,1.6410404225,0.87658304044375,1.36804545555625,1.726372675625,0.27347390677499994
